{
  "LR_BoW_None": {
    "model": "LR_BoW_None",
    "accuracy": 0.8536676646706587,
    "precision_macro": 0.6546833536748865,
    "recall_macro": 0.538401315936424,
    "f1_macro": 0.5750851407492406,
    "precision_weighted": 0.827867371844893,
    "recall_weighted": 0.8536676646706587,
    "f1_weighted": 0.8342154834111507,
    "precision_clean": 0.8907103825136612,
    "recall_clean": 0.9675799086757991,
    "f1_clean": 0.9275552637338587,
    "precision_offensive": 0.4895833333333333,
    "recall_offensive": 0.22169811320754718,
    "f1_offensive": 0.3051948051948052,
    "precision_hate": 0.583756345177665,
    "recall_hate": 0.42592592592592593,
    "f1_hate": 0.4925053533190578,
    "classification_report": "              precision    recall  f1-score   support\n\n       CLEAN       0.89      0.97      0.93      2190\n   OFFENSIVE       0.49      0.22      0.31       212\n        HATE       0.58      0.43      0.49       270\n\n    accuracy                           0.85      2672\n   macro avg       0.65      0.54      0.58      2672\nweighted avg       0.83      0.85      0.83      2672\n",
    "train_time": 3.951,
    "inference_time": 1.769,
    "model_kb": 205.7,
    "confusion_matrix": [
      [
        2119,
        28,
        43
      ],
      [
        126,
        47,
        39
      ],
      [
        134,
        21,
        115
      ]
    ]
  },
  "LR_BoW_Balanced": {
    "model": "LR_BoW_Balanced",
    "accuracy": 0.7926646706586826,
    "precision_macro": 0.5558218861247858,
    "recall_macro": 0.6211291717322561,
    "f1_macro": 0.5792983112449008,
    "precision_weighted": 0.8367948038776086,
    "recall_weighted": 0.7926646706586826,
    "f1_weighted": 0.8109499722798017,
    "precision_clean": 0.9383149448345035,
    "recall_clean": 0.854337899543379,
    "f1_clean": 0.8943594646271511,
    "precision_offensive": 0.2735294117647059,
    "recall_offensive": 0.4386792452830189,
    "f1_offensive": 0.33695652173913043,
    "precision_hate": 0.4556213017751479,
    "recall_hate": 0.5703703703703704,
    "f1_hate": 0.506578947368421,
    "classification_report": "              precision    recall  f1-score   support\n\n       CLEAN       0.94      0.85      0.89      2190\n   OFFENSIVE       0.27      0.44      0.34       212\n        HATE       0.46      0.57      0.51       270\n\n    accuracy                           0.79      2672\n   macro avg       0.56      0.62      0.58      2672\nweighted avg       0.84      0.79      0.81      2672\n",
    "train_time": 3.58,
    "inference_time": 0.217,
    "model_kb": 205.7,
    "confusion_matrix": [
      [
        1871,
        191,
        128
      ],
      [
        63,
        93,
        56
      ],
      [
        60,
        56,
        154
      ]
    ]
  },
  "NB_BoW_None": {
    "model": "NB_BoW_None",
    "accuracy": 0.843937125748503,
    "precision_macro": 0.6428639846743295,
    "recall_macro": 0.5466953211503914,
    "f1_macro": 0.5586437909786066,
    "precision_weighted": 0.8266029363686421,
    "recall_weighted": 0.843937125748503,
    "f1_weighted": 0.826084532503438,
    "precision_clean": 0.8952586206896552,
    "recall_clean": 0.9484018264840183,
    "f1_clean": 0.9210643015521064,
    "precision_offensive": 0.5333333333333333,
    "recall_offensive": 0.1509433962264151,
    "f1_offensive": 0.23529411764705882,
    "precision_hate": 0.5,
    "recall_hate": 0.5407407407407407,
    "f1_hate": 0.5195729537366548,
    "classification_report": "              precision    recall  f1-score   support\n\n       CLEAN       0.90      0.95      0.92      2190\n   OFFENSIVE       0.53      0.15      0.24       212\n        HATE       0.50      0.54      0.52       270\n\n    accuracy                           0.84      2672\n   macro avg       0.64      0.55      0.56      2672\nweighted avg       0.83      0.84      0.83      2672\n",
    "train_time": 0.008,
    "inference_time": 0.195,
    "model_kb": 410.7,
    "confusion_matrix": [
      [
        2077,
        18,
        95
      ],
      [
        129,
        32,
        51
      ],
      [
        114,
        10,
        146
      ]
    ]
  },
  "NB_BoW_Balanced": {
    "model": "NB_BoW_Balanced",
    "accuracy": 0.6687874251497006,
    "precision_macro": 0.4944892913994025,
    "recall_macro": 0.6285129663134316,
    "f1_macro": 0.5086574925149483,
    "precision_weighted": 0.8320724315641722,
    "recall_weighted": 0.6687874251497006,
    "f1_weighted": 0.7185871375603158,
    "precision_clean": 0.9569961489088575,
    "recall_clean": 0.6808219178082192,
    "f1_clean": 0.7956243329775881,
    "precision_offensive": 0.25295508274231676,
    "recall_offensive": 0.5047169811320755,
    "f1_offensive": 0.33700787401574805,
    "precision_hate": 0.2735166425470333,
    "recall_hate": 0.7,
    "f1_hate": 0.39334027055150883,
    "classification_report": "              precision    recall  f1-score   support\n\n       CLEAN       0.96      0.68      0.80      2190\n   OFFENSIVE       0.25      0.50      0.34       212\n        HATE       0.27      0.70      0.39       270\n\n    accuracy                           0.67      2672\n   macro avg       0.49      0.63      0.51      2672\nweighted avg       0.83      0.67      0.72      2672\n",
    "train_time": 0.01,
    "inference_time": 0.182,
    "model_kb": 410.7,
    "confusion_matrix": [
      [
        1491,
        270,
        429
      ],
      [
        32,
        107,
        73
      ],
      [
        35,
        46,
        189
      ]
    ]
  },
  "SVC_BoW_None": {
    "model": "SVC_BoW_None",
    "accuracy": 0.8465568862275449,
    "precision_macro": 0.6599637293652639,
    "recall_macro": 0.4505631978148563,
    "f1_macro": 0.4765216309136453,
    "precision_weighted": 0.8063065545263809,
    "recall_weighted": 0.8465568862275449,
    "f1_weighted": 0.8026220662563968,
    "precision_clean": 0.8561264822134388,
    "recall_clean": 0.989041095890411,
    "f1_clean": 0.9177966101694915,
    "precision_offensive": 0.4117647058823529,
    "recall_offensive": 0.0330188679245283,
    "f1_offensive": 0.0611353711790393,
    "precision_hate": 0.712,
    "recall_hate": 0.3296296296296296,
    "f1_hate": 0.4506329113924051,
    "classification_report": "              precision    recall  f1-score   support\n\n       CLEAN       0.86      0.99      0.92      2190\n   OFFENSIVE       0.41      0.03      0.06       212\n        HATE       0.71      0.33      0.45       270\n\n    accuracy                           0.85      2672\n   macro avg       0.66      0.45      0.48      2672\nweighted avg       0.81      0.85      0.80      2672\n",
    "train_time": 3.39,
    "inference_time": 1.516,
    "model_kb": 617.2,
    "confusion_matrix": [
      [
        2166,
        5,
        19
      ],
      [
        188,
        7,
        17
      ],
      [
        176,
        5,
        89
      ]
    ]
  },
  "SVC_BoW_Balanced": {
    "model": "SVC_BoW_Balanced",
    "accuracy": 0.8458083832335329,
    "precision_macro": 0.6525877501716332,
    "recall_macro": 0.4445092201704591,
    "f1_macro": 0.46851567271932537,
    "precision_weighted": 0.8037205045094002,
    "recall_weighted": 0.8458083832335329,
    "f1_weighted": 0.8004496573421905,
    "precision_clean": 0.8552839116719243,
    "recall_clean": 0.9904109589041096,
    "f1_clean": 0.9179009733389759,
    "precision_offensive": 0.4,
    "recall_offensive": 0.02830188679245283,
    "f1_offensive": 0.05286343612334802,
    "precision_hate": 0.7024793388429752,
    "recall_hate": 0.3148148148148148,
    "f1_hate": 0.43478260869565216,