{
  "lr_search": {
    "best_params": {
      "C": 5,
      "class_weight": "balanced",
      "max_iter": 2000,
      "penalty": "l2",
      "solver": "lbfgs"
    },
    "cv_f1_macro": 0.6055662744552077,
    "tuning_time_s": 27.2
  },
  "svm_search": {
    "best_params": {
      "C": 0.5,
      "class_weight": "balanced",
      "loss": "squared_hinge",
      "max_iter": 3000
    },
    "cv_f1_macro": 0.6298966059824821,
    "tuning_time_s": 4.9
  },
  "nb_search": {
    "best_params": {
      "alpha": 2.0,
      "fit_prior": false
    },
    "cv_f1_macro": 0.6370663058373955,
    "tuning_time_s": 0.48
  },
  "dev_metrics": {
    "LR_baseline": {
      "model": "LR_TFIDF_Balanced",
      "accuracy": 0.7926646706586826,
      "precision_macro": 0.5682649579545002,
      "recall_macro": 0.6652296347351055,
      "f1_macro": 0.6015014100290825,
      "precision_weighted": 0.8464390609746205,
      "recall_weighted": 0.7926646706586826,
      "f1_weighted": 0.812801440335363,
      "precision_clean": 0.9482936918304034,
      "recall_clean": 0.8374429223744292,
      "f1_clean": 0.8894277400581959,
      "precision_offensive": 0.3333333333333333,
      "recall_offensive": 0.49528301886792453,
      "f1_offensive": 0.3984819734345351,
      "precision_hate": 0.4231678486997636,
      "recall_hate": 0.662962962962963,
      "f1_hate": 0.5165945165945166,
      "classification_report": "              precision    recall  f1-score   support\n\n       CLEAN       0.95      0.84      0.89      2190\n   OFFENSIVE       0.33      0.50      0.40       212\n        HATE       0.42      0.66      0.52       270\n\n    accuracy                           0.79      2672\n   macro avg       0.57      0.67      0.60      2672\nweighted avg       0.85      0.79      0.81      2672\n",
      "train_time": 0.669,
      "inference_time": 0.176,
      "model_kb": 235.1,
      "confusion_matrix": [
        [
          1834,
          163,
          193
        ],
        [
          56,
          105,
          51
        ],
        [
          44,
          47,
          179
        ]
      ]
    },
    "LR_tuned_word": {
      "model": "LR_tuned_word",
      "accuracy": 0.8008982035928144,
      "precision_macro": 0.5727380570383983,
      "recall_macro": 0.6520740996014537,
      "f1_macro": 0.6023573857744712,
      "precision_weighted": 0.8417113986780966,
      "recall_weighted": 0.8008982035928144,
      "f1_weighted": 0.8169967429886036,
      "precision_clean": 0.9401709401709402,
      "recall_clean": 0.8538812785388128,
      "f1_clean": 0.8949509452022015,
      "precision_offensive": 0.3447098976109215,
      "recall_offensive": 0.47641509433962265,
      "f1_offensive": 0.4,
      "precision_hate": 0.43333333333333335,
      "recall_hate": 0.6259259259259259,
      "f1_hate": 0.5121212121212121,
      "classification_report": "              precision    recall  f1-score   support\n\n       CLEAN       0.94      0.85      0.89      2190\n   OFFENSIVE       0.34      0.48      0.40       212\n        HATE       0.43      0.63      0.51       270\n\n    accuracy                           0.80      2672\n   macro avg       0.57      0.65      0.60      2672\nweighted avg       0.84      0.80      0.82      2672\n",
      "train_time": 27.15434120001737,
      "inference_time": 0.0
    },
    "LR_tuned_char": {
      "model": "LR_tuned_char",
      "accuracy": 0.8386976047904192,
      "precision_macro": 0.6187044335074773,
      "recall_macro": 0.6664337293268111,
      "f1_macro": 0.6391996976583268,
      "precision_weighted": 0.8559060460884527,
      "recall_weighted": 0.8386976047904192,
      "f1_weighted": 0.8459558482082243,
      "precision_clean": 0.9426111908177905,
      "recall_clean": 0.9,
      "f1_clean": 0.920812894183602,
      "precision_offensive": 0.41350210970464135,
      "recall_offensive": 0.46226415094339623,
      "f1_offensive": 0.4365256124721604,
      "precision_hate": 0.5,
      "recall_hate": 0.6370370370370371,
      "f1_hate": 0.5602605863192183,
      "classification_report": "              precision    recall  f1-score   support\n\n       CLEAN       0.94      0.90      0.92      2190\n   OFFENSIVE       0.41      0.46      0.44       212\n        HATE       0.50      0.64      0.56       270\n\n    accuracy                           0.84      2672\n   macro avg       0.62      0.67      0.64      2672\nweighted avg       0.86      0.84      0.85      2672\n",
      "train_time": 2.206886100000702,
      "inference_time": 0.0
    },
    "LR_char_thresh": {
      "model": "LR_char_thresh(off=1.0,hate=1.0)",
      "accuracy": 0.8386976047904192,
      "precision_macro": 0.6187044335074773,
      "recall_macro": 0.6664337293268111,
      "f1_macro": 0.6391996976583268,
      "precision_weighted": 0.8559060460884527,
      "recall_weighted": 0.8386976047904192,
      "f1_weighted": 0.8459558482082243,
      "precision_clean": 0.9426111908177905,
      "recall_clean": 0.9,
      "f1_clean": 0.920812894183602,
      "precision_offensive": 0.41350210970464135,
      "recall_offensive": 0.46226415094339623,
      "f1_offensive": 0.4365256124721604,
      "precision_hate": 0.5,
      "recall_hate": 0.6370370370370371,
      "f1_hate": 0.5602605863192183,
      "classification_report": "              precision    recall  f1-score   support\n\n       CLEAN       0.94      0.90      0.92      2190\n   OFFENSIVE       0.41      0.46      0.44       212\n        HATE       0.50      0.64      0.56       270\n\n    accuracy                           0.84      2672\n   macro avg       0.62      0.67      0.64      2672\nweighted avg       0.86      0.84      0.85      2672\n",
      "train_time": 0.0,
      "inference_time": 0.0
    },
    "SVM_tuned": {
      "model": "SVM_tuned",
      "accuracy": 0.8499251497005988,
      "precision_macro": 0.6368854173967275,
      "recall_macro": 0.6320426051967364,
      "f1_macro": 0.6334273701703258,
      "precision_weighted": 0.8479384301206969,
      "recall_weighted": 0.8499251497005988,
      "f1_weighted": 0.848664685207955,
      "precision_clean": 0.9248975876194812,
      "recall_clean": 0.9278538812785389,
      "f1_clean": 0.9263733758832915,
      "precision_offensive": 0.44808743169398907,
      "recall_offensive": 0.3867924528301887,
      "f1_offensive": 0.4151898734177215,
      "precision_hate": 0.5376712328767124,
      "recall_hate": 0.5814814814814815,
      "f1_hate": 0.5587188612099644,
      "classification_report": "              precision    recall  f1-score   support\n\n       CLEAN       0.92      0.93      0.93      2190\n   OFFENSIVE       0.45      0.39      0.42       212\n        HATE       0.54      0.58      0.56       270\n\n    accuracy                           0.85      2672\n   macro avg       0.64      0.63      0.63      2672\nweighted avg       0.85      0.85      0.85      2672\n",
      "train_time": 4.867060900083743,
      "inference_time": 0.0
    },
    "NB_tuned": {
      "model": "NB_tuned",
      "accuracy": 0.6710329341317365,
      "precision_macro": 0.4975297810146732,
      "recall_macro": 0.6345002536783358,
      "f1_macro": 0.5112646359906708,
      "precision_weighted": 0.8379519009434838,
      "recall_weighted": 0.6710329341317365,
      "f1_weighted": 0.7213597515728792,
      "precision_clean": 0.9638242894056848,
      "recall_clean": 0.6812785388127854,
      "f1_clean": 0.7982878544676297,
      "precision_offensive": 0.25059101654846333,
      "recall_offensive": 0.5,
      "f1_offensive": 0.33385826771653543,
      "precision_hate": 0.2781740370898716,
      "recall_hate": 0.7222222222222222,
      "f1_hate": 0.4016477857878476,